fare_type,applicable_time,distance,fare_per_ride
Single trip,All timings,Up to 3.2 km,170
Single trip,All timings,3.3 km - 4.2 km,190
Single trip,All timings,4.3 km - 5.2 km,190
Single trip,All timings,5.3 km - 6.2 km,190
Single trip,All timings,6.3 km - 7.2 km,210
Single trip,All timings,7.3 km - 8.2 km,210
Single trip,All timings,8.3 km - 9.2 km,210
Single trip,All timings,9.3 km - 10.2 km,230
Single trip,All timings,10.3 km - 11.2 km,230
Single trip,All timings,11.3 km - 12.2 km,250
Single trip,All timings,12.3 km - 13.2 km,250
Single trip,All timings,13.3 km - 14.2 km,250
Single trip,All timings,14.3 km - 15.2 km,250
Single trip,All timings,15.3 km - 16.2 km,260
Single trip,All timings,16.3 km - 17.2 km,260
Single trip,All timings,17.3 km - 18.2 km,260
Single trip,All timings,18.3 km - 19.2 km,260
Single trip,All timings,19.3 km - 20.2 km,270
Single trip,All timings,20.3 km - 21.2 km,270
Single trip,All timings,21.3 km - 22.2 km,270
Single trip,All timings,22.3 km - 23.2 km,270
Single trip,All timings,23.3 km - 24.2 km,280
Single trip,All timings,24.3 km - 25.2 km,280
Single trip,All timings,25.3 km - 26.2 km,280
Single trip,All timings,26.3 km - 27.2 km,280
Single trip,All timings,27.3 km - 28.2 km,280
Single trip,All timings,28.3 km - 29.2 km,280
Single trip,All timings,29.3 km - 30.2 km,280
Single trip,All timings,30.3 km - 31.2 km,280
Single trip,All timings,31.3 km - 32.2 km,280
Single trip,All timings,32.3 km - 33.2 km,280
Single trip,All timings,33.3 km - 34.2 km,280
Single trip,All timings,34.3 km - 35.2 km,280
Single trip,All timings,35.3 km - 36.2 km,280
Single trip,All timings,36.3 km - 37.2 km,280
Single trip,All timings,37.3 km - 38.2 km,280
Single trip,All timings,38.3 km - 39.2 km,280
Single trip,All timings,39.3 km - 40.2 km,280
Single trip,All timings,Over 40.2 km,280
Adult card fare,Before 7.45am  (Weekdays excluding public holidays),Up to 3.2 km,45
Adult card fare,Before 7.45am  (Weekdays excluding public holidays),3.3 km - 4.2 km,55
Adult card fare,Before 7.45am  (Weekdays excluding public holidays),4.3 km - 5.2 km,65
Adult card fare,Before 7.45am  (Weekdays excluding public holidays),5.3 km - 6.2 km,75
Adult card fare,Before 7.45am  (Weekdays excluding public holidays),6.3 km - 7.2 km,84
Adult card fare,Before 7.45am  (Weekdays excluding public holidays),7.3 km - 8.2 km,91
Adult card fare,Before 7.45am  (Weekdays excluding public holidays),8.3 km - 9.2 km,97
Adult card fare,Before 7.45am  (Weekdays excluding public holidays),9.3 km - 10.2 km,101
Adult card fare,Before 7.45am  (Weekdays excluding public holidays),10.3 km - 11.2 km,105
Adult card fare,Before 7.45am  (Weekdays excluding public holidays),11.3 km - 12.2 km,109
Adult card fare,Before 7.45am  (Weekdays excluding public holidays),12.3 km - 13.2 km,113
Adult card fare,Before 7.45am  (Weekdays excluding public holidays),13.3 km - 14.2 km,117
Adult card fare,Before 7.45am  (Weekdays excluding public holidays),14.3 km - 15.2 km,122
Adult card fare,Before 7.45am  (Weekdays excluding public holidays),15.3 km - 16.2 km,126
Adult card fare,Before 7.45am  (Weekdays excluding public holidays),16.3 km - 17.2 km,130
Adult card fare,Before 7.45am  (Weekdays excluding public holidays),17.3 km - 18.2 km,134
Adult card fare,Before 7.45am  (Weekdays excluding public holidays),18.3 km - 19.2 km,138
Adult card fare,Before 7.45am  (Weekdays excluding public holidays),19.3 km - 20.2 km,141
Adult card fare,Before 7.45am  (Weekdays excluding public holidays),20.3 km - 21.2 km,144
Adult card fare,Before 7.45am  (Weekdays excluding public holidays),21.3 km - 22.2 km,147
Adult card fare,Before 7.45am  (Weekdays excluding public holidays),22.3 km - 23.2 km,150
Adult card fare,Before 7.45am  (Weekdays excluding public holidays),23.3 km - 24.2 km,152
Adult card fare,Before 7.45am  (Weekdays excluding public holidays),24.3 km - 25.2 km,154
Adult card fare,Before 7.45am  (Weekdays excluding public holidays),25.3 km - 26.2 km,156
Adult card fare,Before 7.45am  (Weekdays excluding public holidays),26.3 km - 27.2 km,157
Adult card fare,Before 7.45am  (Weekdays excluding public holidays),27.3 km - 28.2 km,158
Adult card fare,Before 7.45am  (Weekdays excluding public holidays),28.3 km - 29.2 km,159
Adult card fare,Before 7.45am  (Weekdays excluding public holidays),29.3 km - 30.2 km,160
Adult card fare,Before 7.45am  (Weekdays excluding public holidays),30.3 km - 31.2 km,161
Adult card fare,Before 7.45am  (Weekdays excluding public holidays),31.3 km - 32.2 km,162
Adult card fare,Before 7.45am  (Weekdays excluding public holidays),32.3 km - 33.2 km,163
Adult card fare,Before 7.45am  (Weekdays excluding public holidays),33.3 km - 34.2 km,164
Adult card fare,Before 7.45am  (Weekdays excluding public holidays),34.3 km - 35.2 km,165
Adult card fare,Before 7.45am  (Weekdays excluding public holidays),35.3 km - 36.2 km,166
Adult card fare,Before 7.45am  (Weekdays excluding public holidays),36.3 km - 37.2 km,167
Adult card fare,Before 7.45am  (Weekdays excluding public holidays),37.3 km - 38.2 km,168
Adult card fare,Before 7.45am  (Weekdays excluding public holidays),38.3 km - 39.2 km,169
Adult card fare,Before 7.45am  (Weekdays excluding public holidays),39.3 km - 40.2 km,170
Adult card fare,Before 7.45am  (Weekdays excluding public holidays),Over 40.2 km,171
Adult card fare,All other timings,Up to 3.2 km,95
Adult card fare,All other timings,3.3 km - 4.2 km,105
Adult card fare,All other timings,4.3 km - 5.2 km,115
Adult card fare,All other timings,5.3 km - 6.2 km,125
Adult card fare,All other timings,6.3 km - 7.2 km,134
Adult card fare,All other timings,7.3 km - 8.2 km,141
Adult card fare,All other timings,8.3 km - 9.2 km,147
Adult card fare,All other timings,9.3 km - 10.2 km,151
Adult card fare,All other timings,10.3 km - 11.2 km,155
Adult card fare,All other timings,11.3 km - 12.2 km,159
Adult card fare,All other timings,12.3 km - 13.2 km,163
Adult card fare,All other timings,13.3 km - 14.2 km,167
Adult card fare,All other timings,14.3 km - 15.2 km,172
Adult card fare,All other timings,15.3 km - 16.2 km,176
Adult card fare,All other timings,16.3 km - 17.2 km,180
Adult card fare,All other timings,17.3 km - 18.2 km,184
Adult card fare,All other timings,18.3 km - 19.2 km,188
Adult card fare,All other timings,19.3 km - 20.2 km,191
Adult card fare,All other timings,20.3 km - 21.2 km,194
Adult card fare,All other timings,21.3 km - 22.2 km,197
Adult card fare,All other timings,22.3 km - 23.2 km,200
Adult card fare,All other timings,23.3 km - 24.2 km,202
Adult card fare,All other timings,24.3 km - 25.2 km,204
Adult card fare,All other timings,25.3 km - 26.2 km,206
Adult card fare,All other timings,26.3 km - 27.2 km,207
Adult card fare,All other timings,27.3 km - 28.2 km,208
Adult card fare,All other timings,28.3 km - 29.2 km,209
Adult card fare,All other timings,29.3 km - 30.2 km,210
Adult card fare,All other timings,30.3 km - 31.2 km,211
Adult card fare,All other timings,31.3 km - 32.2 km,212
Adult card fare,All other timings,32.3 km - 33.2 km,213
Adult card fare,All other timings,33.3 km - 34.2 km,214
Adult card fare,All other timings,34.3 km - 35.2 km,215
Adult card fare,All other timings,35.3 km - 36.2 km,216
Adult card fare,All other timings,36.3 km - 37.2 km,217
Adult card fare,All other timings,37.3 km - 38.2 km,218
Adult card fare,All other timings,38.3 km - 39.2 km,219
Adult card fare,All other timings,39.3 km - 40.2 km,220
Adult card fare,All other timings,Over 40.2 km,221
Senior citizen card fare,Before 7.45am  (Weekdays excluding public holidays),Up to 3.2 km,10
Senior citizen card fare,Before 7.45am  (Weekdays excluding public holidays),3.3 km - 4.2 km,17
Senior citizen card fare,Before 7.45am  (Weekdays excluding public holidays),4.3 km - 5.2 km,24
Senior citizen card fare,Before 7.45am  (Weekdays excluding public holidays),5.3 km - 6.2 km,31
Senior citizen card fare,Before 7.45am  (Weekdays excluding public holidays),6.3 km - 7.2 km,37
Senior citizen card fare,Before 7.45am  (Weekdays excluding public holidays),7.3 km - 8.2 km,43
Senior citizen card fare,Before 7.45am  (Weekdays excluding public holidays),8.3 km - 9.2 km,43
Senior citizen card fare,Before 7.45am  (Weekdays excluding public holidays),9.3 km - 10.2 km,43
Senior citizen card fare,Before 7.45am  (Weekdays excluding public holidays),10.3 km - 11.2 km,43
Senior citizen card fare,Before 7.45am  (Weekdays excluding public holidays),11.3 km - 12.2 km,43
Senior citizen card fare,Before 7.45am  (Weekdays excluding public holidays),12.3 km - 13.2 km,43
Senior citizen card fare,Before 7.45am  (Weekdays excluding public holidays),13.3 km - 14.2 km,43
Senior citizen card fare,Before 7.45am  (Weekdays excluding public holidays),14.3 km - 15.2 km,43
Senior citizen card fare,Before 7.45am  (Weekdays excluding public holidays),15.3 km - 16.2 km,43
Senior citizen card fare,Before 7.45am  (Weekdays excluding public holidays),16.3 km - 17.2 km,43
Senior citizen card fare,Before 7.45am  (Weekdays excluding public holidays),17.3 km - 18.2 km,43
Senior citizen card fare,Before 7.45am  (Weekdays excluding public holidays),18.3 km - 19.2 km,43
Senior citizen card fare,Before 7.45am  (Weekdays excluding public holidays),19.3 km - 20.2 km,43
Senior citizen card fare,Before 7.45am  (Weekdays excluding public holidays),20.3 km - 21.2 km,43
Senior citizen card fare,Before 7.45am  (Weekdays excluding public holidays),21.3 km - 22.2 km,43
Senior citizen card fare,Before 7.45am  (Weekdays excluding public holidays),22.3 km - 23.2 km,43
Senior citizen card fare,Before 7.45am  (Weekdays excluding public holidays),23.3 km - 24.2 km,43
Senior citizen card fare,Before 7.45am  (Weekdays excluding public holidays),24.3 km - 25.2 km,43
Senior citizen card fare,Before 7.45am  (Weekdays excluding public holidays),25.3 km - 26.2 km,43
Senior citizen card fare,Before 7.45am  (Weekdays excluding public holidays),26.3 km - 27.2 km,43
Senior citizen card fare,Before 7.45am  (Weekdays excluding public holidays),27.3 km - 28.2 km,43
Senior citizen card fare,Before 7.45am  (Weekdays excluding public holidays),28.3 km - 29.2 km,43
Senior citizen card fare,Before 7.45am  (Weekdays excluding public holidays),29.3 km - 30.2 km,43
Senior citizen card fare,Before 7.45am  (Weekdays excluding public holidays),30.3 km - 31.2 km,43
Senior citizen card fare,Before 7.45am  (Weekdays excluding public holidays),31.3 km - 32.2 km,43
Senior citizen card fare,Before 7.45am  (Weekdays excluding public holidays),32.3 km - 33.2 km,43
Senior citizen card fare,Before 7.45am  (Weekdays excluding public holidays),33.3 km - 34.2 km,43
Senior citizen card fare,Before 7.45am  (Weekdays excluding public holidays),34.3 km - 35.2 km,43
Senior citizen card fare,Before 7.45am  (Weekdays excluding public holidays),35.3 km - 36.2 km,43
Senior citizen card fare,Before 7.45am  (Weekdays excluding public holidays),36.3 km - 37.2 km,43
Senior citizen card fare,Before 7.45am  (Weekdays excluding public holidays),37.3 km - 38.2 km,43
Senior citizen card fare,Before 7.45am  (Weekdays excluding public holidays),38.3 km - 39.2 km,43
Senior citizen card fare,Before 7.45am  (Weekdays excluding public holidays),39.3 km - 40.2 km,43
Senior citizen card fare,Before 7.45am  (Weekdays excluding public holidays),Over 40.2 km,43
Senior citizen card fare,All other timings,Up to 3.2 km,60
Senior citizen card fare,All other timings,3.3 km - 4.2 km,67
Senior citizen card fare,All other timings,4.3 km - 5.2 km,74
Senior citizen card fare,All other timings,5.3 km - 6.2 km,81
Senior citizen card fare,All other timings,6.3 km - 7.2 km,87
Senior citizen card fare,All other timings,7.3 km - 8.2 km,93
Senior citizen card fare,All other timings,8.3 km - 9.2 km,93
Senior citizen card fare,All other timings,9.3 km - 10.2 km,93
Senior citizen card fare,All other timings,10.3 km - 11.2 km,93
Senior citizen card fare,All other timings,11.3 km - 12.2 km,93
Senior citizen card fare,All other timings,12.3 km - 13.2 km,93
Senior citizen card fare,All other timings,13.3 km - 14.2 km,93
Senior citizen card fare,All other timings,14.3 km - 15.2 km,93
Senior citizen card fare,All other timings,15.3 km - 16.2 km,93
Senior citizen card fare,All other timings,16.3 km - 17.2 km,93
Senior citizen card fare,All other timings,17.3 km - 18.2 km,93
Senior citizen card fare,All other timings,18.3 km - 19.2 km,93
Senior citizen card fare,All other timings,19.3 km - 20.2 km,93
Senior citizen card fare,All other timings,20.3 km - 21.2 km,93
Senior citizen card fare,All other timings,21.3 km - 22.2 km,93
Senior citizen card fare,All other timings,22.3 km - 23.2 km,93
Senior citizen card fare,All other timings,23.3 km - 24.2 km,93
Senior citizen card fare,All other timings,24.3 km - 25.2 km,93
Senior citizen card fare,All other timings,25.3 km - 26.2 km,93
Senior citizen card fare,All other timings,26.3 km - 27.2 km,93
Senior citizen card fare,All other timings,27.3 km - 28.2 km,93
Senior citizen card fare,All other timings,28.3 km - 29.2 km,93
Senior citizen card fare,All other timings,29.3 km - 30.2 km,93
Senior citizen card fare,All other timings,30.3 km - 31.2 km,93
Senior citizen card fare,All other timings,31.3 km - 32.2 km,93
Senior citizen card fare,All other timings,32.3 km - 33.2 km,93
Senior citizen card fare,All other timings,33.3 km - 34.2 km,93
Senior citizen card fare,All other timings,34.3 km - 35.2 km,93
Senior citizen card fare,All other timings,35.3 km - 36.2 km,93
Senior citizen card fare,All other timings,36.3 km - 37.2 km,93
Senior citizen card fare,All other timings,37.3 km - 38.2 km,93
Senior citizen card fare,All other timings,38.3 km - 39.2 km,93
Senior citizen card fare,All other timings,39.3 km - 40.2 km,93
Senior citizen card fare,All other timings,Over 40.2 km,93
Student card fare,Before 7.45am  (Weekdays excluding public holidays),Up to 3.2 km,0
Student card fare,Before 7.45am  (Weekdays excluding public holidays),3.3 km - 4.2 km,0
Student card fare,Before 7.45am  (Weekdays excluding public holidays),4.3 km - 5.2 km,3
Student card fare,Before 7.45am  (Weekdays excluding public holidays),5.3 km - 6.2 km,8
Student card fare,Before 7.45am  (Weekdays excluding public holidays),6.3 km - 7.2 km,11
Student card fare,Before 7.45am  (Weekdays excluding public holidays),7.3 km - 8.2 km,14
Student card fare,Before 7.45am  (Weekdays excluding public holidays),8.3 km - 9.2 km,14
Student card fare,Before 7.45am  (Weekdays excluding public holidays),9.3 km - 10.2 km,14
Student card fare,Before 7.45am  (Weekdays excluding public holidays),10.3 km - 11.2 km,14
Student card fare,Before 7.45am  (Weekdays excluding public holidays),11.3 km - 12.2 km,14
Student card fare,Before 7.45am  (Weekdays excluding public holidays),12.3 km - 13.2 km,14
Student card fare,Before 7.45am  (Weekdays excluding public holidays),13.3 km - 14.2 km,14
Student card fare,Before 7.45am  (Weekdays excluding public holidays),14.3 km - 15.2 km,14
Student card fare,Before 7.45am  (Weekdays excluding public holidays),15.3 km - 16.2 km,14
Student card fare,Before 7.45am  (Weekdays excluding public holidays),16.3 km - 17.2 km,14
Student card fare,Before 7.45am  (Weekdays excluding public holidays),17.3 km - 18.2 km,14
Student card fare,Before 7.45am  (Weekdays excluding public holidays),18.3 km - 19.2 km,14
Student card fare,Before 7.45am  (Weekdays excluding public holidays),19.3 km - 20.2 km,14
Student card fare,Before 7.45am  (Weekdays excluding public holidays),20.3 km - 21.2 km,14
Student card fare,Before 7.45am  (Weekdays excluding public holidays),21.3 km - 22.2 km,14
Student card fare,Before 7.45am  (Weekdays excluding public holidays),22.3 km - 23.2 km,14
Student card fare,Before 7.45am  (Weekdays excluding public holidays),23.3 km - 24.2 km,14
Student card fare,Before 7.45am  (Weekdays excluding public holidays),24.3 km - 25.2 km,14
Student card fare,Before 7.45am  (Weekdays excluding public holidays),25.3 km - 26.2 km,14
Student card fare,Before 7.45am  (Weekdays excluding public holidays),26.3 km - 27.2 km,14
Student card fare,Before 7.45am  (Weekdays excluding public holidays),27.3 km - 28.2 km,14
Student card fare,Before 7.45am  (Weekdays excluding public holidays),28.3 km - 29.2 km,14
Student card fare,Before 7.45am  (Weekdays excluding public holidays),29.3 km - 30.2 km,14
Student card fare,Before 7.45am  (Weekdays excluding public holidays),30.3 km - 31.2 km,14
Student card fare,Before 7.45am  (Weekdays excluding public holidays),31.3 km - 32.2 km,14
Student card fare,Before 7.45am  (Weekdays excluding public holidays),32.3 km - 33.2 km,14
Student card fare,Before 7.45am  (Weekdays excluding public holidays),33.3 km - 34.2 km,14
Student card fare,Before 7.45am  (Weekdays excluding public holidays),34.3 km - 35.2 km,14
Student card fare,Before 7.45am  (Weekdays excluding public holidays),35.3 km - 36.2 km,14
Student card fare,Before 7.45am  (Weekdays excluding public holidays),36.3 km - 37.2 km,14
Student card fare,Before 7.45am  (Weekdays excluding public holidays),37.3 km - 38.2 km,14
Student card fare,Before 7.45am  (Weekdays excluding public holidays),38.3 km - 39.2 km,14
Student card fare,Before 7.45am  (Weekdays excluding public holidays),39.3 km - 40.2 km,14
Student card fare,Before 7.45am  (Weekdays excluding public holidays),Over 40.2 km,14
Student card fare,All other timings,Up to 3.2 km,43
Student card fare,All other timings,3.3 km - 4.2 km,48
Student card fare,All other timings,4.3 km - 5.2 km,53
Student card fare,All other timings,5.3 km - 6.2 km,58
Student card fare,All other timings,6.3 km - 7.2 km,61
Student card fare,All other timings,7.3 km - 8.2 km,64
Student card fare,All other timings,8.3 km - 9.2 km,64
Student card fare,All other timings,9.3 km - 10.2 km,64
Student card fare,All other timings,10.3 km - 11.2 km,64
Student card fare,All other timings,11.3 km - 12.2 km,64
Student card fare,All other timings,12.3 km - 13.2 km,64
Student card fare,All other timings,13.3 km - 14.2 km,64
Student card fare,All other timings,14.3 km - 15.2 km,64
Student card fare,All other timings,15.3 km - 16.2 km,64
Student card fare,All other timings,16.3 km - 17.2 km,64
Student card fare,All other timings,17.3 km - 18.2 km,64
Student card fare,All other timings,18.3 km - 19.2 km,64
Student card fare,All other timings,19.3 km - 20.2 km,64
Student card fare,All other timings,20.3 km - 21.2 km,64
Student card fare,All other timings,21.3 km - 22.2 km,64
Student card fare,All other timings,22.3 km - 23.2 km,64
Student card fare,All other timings,23.3 km - 24.2 km,64
Student card fare,All other timings,24.3 km - 25.2 km,64
Student card fare,All other timings,25.3 km - 26.2 km,64
Student card fare,All other timings,26.3 km - 27.2 km,64
Student card fare,All other timings,27.3 km - 28.2 km,64
Student card fare,All other timings,28.3 km - 29.2 km,64
Student card fare,All other timings,29.3 km - 30.2 km,64
Student card fare,All other timings,30.3 km - 31.2 km,64
Student card fare,All other timings,31.3 km - 32.2 km,64
Student card fare,All other timings,32.3 km - 33.2 km,64
Student card fare,All other timings,33.3 km - 34.2 km,64
Student card fare,All other timings,34.3 km - 35.2 km,64
Student card fare,All other timings,35.3 km - 36.2 km,64
Student card fare,All other timings,36.3 km - 37.2 km,64
Student card fare,All other timings,37.3 km - 38.2 km,64
Student card fare,All other timings,38.3 km - 39.2 km,64
Student card fare,All other timings,39.3 km - 40.2 km,64
Student card fare,All other timings,Over 40.2 km,64
Workfare transport concession card fare,Before 7.45am  (Weekdays excluding public holidays),Up to 3.2 km,19
Workfare transport concession card fare,Before 7.45am  (Weekdays excluding public holidays),3.3 km - 4.2 km,27
Workfare transport concession card fare,Before 7.45am  (Weekdays excluding public holidays),4.3 km - 5.2 km,35
Workfare transport concession card fare,Before 7.45am  (Weekdays excluding public holidays),5.3 km - 6.2 km,43
Workfare transport concession card fare,Before 7.45am  (Weekdays excluding public holidays),6.3 km - 7.2 km,50
Workfare transport concession card fare,Before 7.45am  (Weekdays excluding public holidays),7.3 km - 8.2 km,56
Workfare transport concession card fare,Before 7.45am  (Weekdays excluding public holidays),8.3 km - 9.2 km,62
Workfare transport concession card fare,Before 7.45am  (Weekdays excluding public holidays),9.3 km - 10.2 km,65
Workfare transport concession card fare,Before 7.45am  (Weekdays excluding public holidays),10.3 km - 11.2 km,68
Workfare transport concession card fare,Before 7.45am  (Weekdays excluding public holidays),11.3 km - 12.2 km,71
Workfare transport concession card fare,Before 7.45am  (Weekdays excluding public holidays),12.3 km - 13.2 km,74
Workfare transport concession card fare,Before 7.45am  (Weekdays excluding public holidays),13.3 km - 14.2 km,77
Workfare transport concession card fare,Before 7.45am  (Weekdays excluding public holidays),14.3 km - 15.2 km,80
Workfare transport concession card fare,Before 7.45am  (Weekdays excluding public holidays),15.3 km - 16.2 km,83
Workfare transport concession card fare,Before 7.45am  (Weekdays excluding public holidays),16.3 km - 17.2 km,86
Workfare transport concession card fare,Before 7.45am  (Weekdays excluding public holidays),17.3 km - 18.2 km,89
Workfare transport concession card fare,Before 7.45am  (Weekdays excluding public holidays),18.3 km - 19.2 km,92
Workfare transport concession card fare,Before 7.45am  (Weekdays excluding public holidays),19.3 km - 20.2 km,95
Workfare transport concession card fare,Before 7.45am  (Weekdays excluding public holidays),20.3 km - 21.2 km,98
Workfare transport concession card fare,Before 7.45am  (Weekdays excluding public holidays),21.3 km - 22.2 km,101
Workfare transport concession card fare,Before 7.45am  (Weekdays excluding public holidays),22.3 km - 23.2 km,104
Workfare transport concession card fare,Before 7.45am  (Weekdays excluding public holidays),23.3 km - 24.2 km,106
Workfare transport concession card fare,Before 7.45am  (Weekdays excluding public holidays),24.3 km - 25.2 km,107
Workfare transport concession card fare,Before 7.45am  (Weekdays excluding public holidays),25.3 km - 26.2 km,108
Workfare transport concession card fare,Before 7.45am  (Weekdays excluding public holidays),26.3 km - 27.2 km,109
Workfare transport concession card fare,Before 7.45am  (Weekdays excluding public holidays),27.3 km - 28.2 km,110
Workfare transport concession card fare,Before 7.45am  (Weekdays excluding public holidays),28.3 km - 29.2 km,111
Workfare transport concession card fare,Before 7.45am  (Weekdays excluding public holidays),29.3 km - 30.2 km,112
Workfare transport concession card fare,Before 7.45am  (Weekdays excluding public holidays),30.3 km - 31.2 km,113
Workfare transport concession card fare,Before 7.45am  (Weekdays excluding public holidays),31.3 km - 32.2 km,114
Workfare transport concession card fare,Before 7.45am  (Weekdays excluding public holidays),32.3 km - 33.2 km,115
Workfare transport concession card fare,Before 7.45am  (Weekdays excluding public holidays),33.3 km - 34.2 km,116
Workfare transport concession card fare,Before 7.45am  (Weekdays excluding public holidays),34.3 km - 35.2 km,117
Workfare transport concession card fare,Before 7.45am  (Weekdays excluding public holidays),35.3 km - 36.2 km,118
Workfare transport concession card fare,Before 7.45am  (Weekdays excluding public holidays),36.3 km - 37.2 km,119
Workfare transport concession card fare,Before 7.45am  (Weekdays excluding public holidays),37.3 km - 38.2 km,120
Workfare transport concession card fare,Before 7.45am  (Weekdays excluding public holidays),38.3 km - 39.2 km,121
Workfare transport concession card fare,Before 7.45am  (Weekdays excluding public holidays),39.3 km - 40.2 km,122
Workfare transport concession card fare,Before 7.45am  (Weekdays excluding public holidays),Over 40.2 km,123
Workfare transport concession card fare,All other timings,Up to 3.2 km,69
Workfare transport concession card fare,All other timings,3.3 km - 4.2 km,77
Workfare transport concession card fare,All other timings,4.3 km - 5.2 km,85
Workfare transport concession card fare,All other timings,5.3 km - 6.2 km,93
Workfare transport concession card fare,All other timings,6.3 km - 7.2 km,100
Workfare transport concession card fare,All other timings,7.3 km - 8.2 km,106
Workfare transport concession card fare,All other timings,8.3 km - 9.2 km,112
Workfare transport concession card fare,All other timings,9.3 km - 10.2 km,115
Workfare transport concession card fare,All other timings,10.3 km - 11.2 km,118
Workfare transport concession card fare,All other timings,11.3 km - 12.2 km,121
Workfare transport concession card fare,All other timings,12.3 km - 13.2 km,124
Workfare transport concession card fare,All other timings,13.3 km - 14.2 km,127
Workfare transport concession card fare,All other timings,14.3 km - 15.2 km,130
Workfare transport concession card fare,All other timings,15.3 km - 16.2 km,133
Workfare transport concession card fare,All other timings,16.3 km - 17.2 km,136
Workfare transport concession card fare,All other timings,17.3 km - 18.2 km,139
Workfare transport concession card fare,All other timings,18.3 km - 19.2 km,142
Workfare transport concession card fare,All other timings,19.3 km - 20.2 km,145
Workfare transport concession card fare,All other timings,20.3 km - 21.2 km,148
Workfare transport concession card fare,All other timings,21.3 km - 22.2 km,151
Workfare transport concession card fare,All other timings,22.3 km - 23.2 km,154
Workfare transport concession card fare,All other timings,23.3 km - 24.2 km,156
Workfare transport concession card fare,All other timings,24.3 km - 25.2 km,157
Workfare transport concession card fare,All other timings,25.3 km - 26.2 km,158
Workfare transport concession card fare,All other timings,26.3 km - 27.2 km,159
Workfare transport concession card fare,All other timings,27.3 km - 28.2 km,160
Workfare transport concession card fare,All other timings,28.3 km - 29.2 km,161
Workfare transport concession card fare,All other timings,29.3 km - 30.2 km,162
Workfare transport concession card fare,All other timings,30.3 km - 31.2 km,163
Workfare transport concession card fare,All other timings,31.3 km - 32.2 km,164
Workfare transport concession card fare,All other timings,32.3 km - 33.2 km,165
Workfare transport concession card fare,All other timings,33.3 km - 34.2 km,166
Workfare transport concession card fare,All other timings,34.3 km - 35.2 km,167
Workfare transport concession card fare,All other timings,35.3 km - 36.2 km,168
Workfare transport concession card fare,All other timings,36.3 km - 37.2 km,169
Workfare transport concession card fare,All other timings,37.3 km - 38.2 km,170
Workfare transport concession card fare,All other timings,38.3 km - 39.2 km,171
Workfare transport concession card fare,All other timings,39.3 km - 40.2 km,172
Workfare transport concession card fare,All other timings,Over 40.2 km,173
Persons with diabilities card fare,Before 7.45am  (Weekdays excluding public holidays),Up to 3.2 km,10
Persons with diabilities card fare,Before 7.45am  (Weekdays excluding public holidays),3.3 km - 4.2 km,17
Persons with diabilities card fare,Before 7.45am  (Weekdays excluding public holidays),4.3 km - 5.2 km,24
Persons with diabilities card fare,Before 7.45am  (Weekdays excluding public holidays),5.3 km - 6.2 km,31
Persons with diabilities card fare,Before 7.45am  (Weekdays excluding public holidays),6.3 km - 7.2 km,37
Persons with diabilities card fare,Before 7.45am  (Weekdays excluding public holidays),7.3 km - 8.2 km,43
Persons with diabilities card fare,Before 7.45am  (Weekdays excluding public holidays),8.3 km - 9.2 km,43
Persons with diabilities card fare,Before 7.45am  (Weekdays excluding public holidays),9.3 km - 10.2 km,43
Persons with diabilities card fare,Before 7.45am  (Weekdays excluding public holidays),10.3 km - 11.2 km,43
Persons with diabilities card fare,Before 7.45am  (Weekdays excluding public holidays),11.3 km - 12.2 km,43
Persons with diabilities card fare,Before 7.45am  (Weekdays excluding public holidays),12.3 km - 13.2 km,43
Persons with diabilities card fare,Before 7.45am  (Weekdays excluding public holidays),13.3 km - 14.2 km,43
Persons with diabilities card fare,Before 7.45am  (Weekdays excluding public holidays),14.3 km - 15.2 km,43
Persons with diabilities card fare,Before 7.45am  (Weekdays excluding public holidays),15.3 km - 16.2 km,43
Persons with diabilities card fare,Before 7.45am  (Weekdays excluding public holidays),16.3 km - 17.2 km,43
Persons with diabilities card fare,Before 7.45am  (Weekdays excluding public holidays),17.3 km - 18.2 km,43
Persons with diabilities card fare,Before 7.45am  (Weekdays excluding public holidays),18.3 km - 19.2 km,43
Persons with diabilities card fare,Before 7.45am  (Weekdays excluding public holidays),19.3 km - 20.2 km,43
Persons with diabilities card fare,Before 7.45am  (Weekdays excluding public holidays),20.3 km - 21.2 km,43
Persons with diabilities card fare,Before 7.45am  (Weekdays excluding public holidays),21.3 km - 22.2 km,43
Persons with diabilities card fare,Before 7.45am  (Weekdays excluding public holidays),22.3 km - 23.2 km,43
Persons with diabilities card fare,Before 7.45am  (Weekdays excluding public holidays),23.3 km - 24.2 km,43
Persons with diabilities card fare,Before 7.45am  (Weekdays excluding public holidays),24.3 km - 25.2 km,43
Persons with diabilities card fare,Before 7.45am  (Weekdays excluding public holidays),25.3 km - 26.2 km,43
Persons with diabilities card fare,Before 7.45am  (Weekdays excluding public holidays),26.3 km - 27.2 km,43
Persons with diabilities card fare,Before 7.45am  (Weekdays excluding public holidays),27.3 km - 28.2 km,43
Persons with diabilities card fare,Before 7.45am  (Weekdays excluding public holidays),28.3 km - 29.2 km,43
Persons with diabilities card fare,Before 7.45am  (Weekdays excluding public holidays),29.3 km - 30.2 km,43
Persons with diabilities card fare,Before 7.45am  (Weekdays excluding public holidays),30.3 km - 31.2 km,43
Persons with diabilities card fare,Before 7.45am  (Weekdays excluding public holidays),31.3 km - 32.2 km,43
Persons with diabilities card fare,Before 7.45am  (Weekdays excluding public holidays),32.3 km - 33.2 km,43
Persons with diabilities card fare,Before 7.45am  (Weekdays excluding public holidays),33.3 km - 34.2 km,43
Persons with diabilities card fare,Before 7.45am  (Weekdays excluding public holidays),34.3 km - 35.2 km,43
Persons with diabilities card fare,Before 7.45am  (Weekdays excluding public holidays),35.3 km - 36.2 km,43
Persons with diabilities card fare,Before 7.45am  (Weekdays excluding public holidays),36.3 km - 37.2 km,43
Persons with diabilities card fare,Before 7.45am  (Weekdays excluding public holidays),37.3 km - 38.2 km,43
Persons with diabilities card fare,Before 7.45am  (Weekdays excluding public holidays),38.3 km - 39.2 km,43
Persons with diabilities card fare,Before 7.45am  (Weekdays excluding public holidays),39.3 km - 40.2 km,43
Persons with diabilities card fare,Before 7.45am  (Weekdays excluding public holidays),Over 40.2 km,43
Persons with diabilities card fare,All other timings,Up to 3.2 km,60
Persons with diabilities card fare,All other timings,3.3 km - 4.2 km,67
Persons with diabilities card fare,All other timings,4.3 km - 5.2 km,74
Persons with diabilities card fare,All other timings,5.3 km - 6.2 km,81
Persons with diabilities card fare,All other timings,6.3 km - 7.2 km,87
Persons with diabilities card fare,All other timings,7.3 km - 8.2 km,93
Persons with diabilities card fare,All other timings,8.3 km - 9.2 km,93
Persons with diabilities card fare,All other timings,9.3 km - 10.2 km,93
Persons with diabilities card fare,All other timings,10.3 km - 11.2 km,93
Persons with diabilities card fare,All other timings,11.3 km - 12.2 km,93
Persons with diabilities card fare,All other timings,12.3 km - 13.2 km,93
Persons with diabilities card fare,All other timings,13.3 km - 14.2 km,93
Persons with diabilities card fare,All other timings,14.3 km - 15.2 km,93
Persons with diabilities card fare,All other timings,15.3 km - 16.2 km,93
Persons with diabilities card fare,All other timings,16.3 km - 17.2 km,93
Persons with diabilities card fare,All other timings,17.3 km - 18.2 km,93
Persons with diabilities card fare,All other timings,18.3 km - 19.2 km,93
Persons with diabilities card fare,All other timings,19.3 km - 20.2 km,93
Persons with diabilities card fare,All other timings,20.3 km - 21.2 km,93
Persons with diabilities card fare,All other timings,21.3 km - 22.2 km,93
Persons with diabilities card fare,All other timings,22.3 km - 23.2 km,93
Persons with diabilities card fare,All other timings,23.3 km - 24.2 km,93
Persons with diabilities card fare,All other timings,24.3 km - 25.2 km,93
Persons with diabilities card fare,All other timings,25.3 km - 26.2 km,93
Persons with diabilities card fare,All other timings,26.3 km - 27.2 km,93
Persons with diabilities card fare,All other timings,27.3 km - 28.2 km,93
Persons with diabilities card fare,All other timings,28.3 km - 29.2 km,93
Persons with diabilities card fare,All other timings,29.3 km - 30.2 km,93
Persons with diabilities card fare,All other timings,30.3 km - 31.2 km,93
Persons with diabilities card fare,All other timings,31.3 km - 32.2 km,93
Persons with diabilities card fare,All other timings,32.3 km - 33.2 km,93
Persons with diabilities card fare,All other timings,33.3 km - 34.2 km,93
Persons with diabilities card fare,All other timings,34.3 km - 35.2 km,93
Persons with diabilities card fare,All other timings,35.3 km - 36.2 km,93
Persons with diabilities card fare,All other timings,36.3 km - 37.2 km,93
Persons with diabilities card fare,All other timings,37.3 km - 38.2 km,93
Persons with diabilities card fare,All other timings,38.3 km - 39.2 km,93
Persons with diabilities card fare,All other timings,39.3 km - 40.2 km,93
Persons with diabilities card fare,All other timings,Over 40.2 km,93
